"","Ticker","Year","Net income","Research and development","Revenue"
"1","A","2013","724","704","6782"
"2","A","2014","504","719","6981"
"3","A","2015","401","330","4038"
"4","A","2016","462","329","4202"
"5","A","2017","684","339","4472"
"7","AAL","2013","-1834",NA,"26743"
"8","AAL","2014","2882",NA,"42650"
"9","AAL","2015","7610",NA,"40990"
"10","AAL","2016","2676",NA,"40180"
"11","AAL","2017","1919",NA,"42207"
"13","AAP","2013","392",NA,"6494"
"14","AAP","2014","494",NA,"9844"
"15","AAP","2015","473",NA,"9737"
"16","AAP","2016","460",NA,"9568"
"17","AAP","2017","476",NA,"9374"
"19","AAPL","2013","37037","4475","170910"
"20","AAPL","2014","39510","6041","182795"
"21","AAPL","2015","53394","8067","233715"
"22","AAPL","2016","45687","10045","215639"
"23","AAPL","2017","48351","11581","229234"
"25","ABBV","2013","4128","3193","18790"
"26","ABBV","2014","1774","3649","19960"
"27","ABBV","2015","5144","4435","22859"
"28","ABBV","2016","5953","4566","25638"
"29","ABBV","2017","5309","5309","28216"
"31","ABC","2013","434",NA,"87959"
"32","ABC","2014","276",NA,"119569"
"33","ABC","2015","-135",NA,"135962"
"34","ABC","2016","1428",NA,"146850"
"35","ABC","2017","364",NA,"153144"
"37","ABT","2013","2576","1452","21848"
"38","ABT","2014","2284","1345","20247"
"39","ABT","2015","4423","1405","20405"
"40","ABT","2016","1400","1422","20853"
"41","ABT","2017","477","2235","27390"
"43","ADM","2013","1342",NA,"89804"
"44","ADM","2014","2248",NA,"81201"
"45","ADM","2015","1849",NA,"67702"
"46","ADM","2016","1279",NA,"62346"
"47","ADM","2017","1595",NA,"60828"
"49","ADP","2013","1406",NA,"11310"
"50","ADP","2014","1516",NA,"12206"
"51","ADP","2015","1452",NA,"10938"
"52","ADP","2016","1492",NA,"11668"
"53","ADP","2017","1733",NA,"12380"
"55","ADS","2013","496",NA,"4319"
"56","ADS","2014","506",NA,"5303"
"57","ADS","2015","597",NA,"6440"
"58","ADS","2016","516",NA,"7138"
"59","ADS","2017","789",NA,"7719"
"61","ADSK","2013","229","611","2274"
"62","ADSK","2014","82","725","2512"
"63","ADSK","2015","-330","790","2504"
"64","ADSK","2016","-582","766","2031"
"65","ADSK","2017","-567","756","2057"
"67","AIG","2013","9085",NA,NA
"68","AIG","2014","7529",NA,NA
"69","AIG","2015","2196",NA,NA
"70","AIG","2016","-849",NA,NA
"71","AIG","2017","-6084",NA,NA
"73","AKAM","2013","293","94","1578"
"74","AKAM","2014","334","125","1964"
"75","AKAM","2015","321","149","2197"
"76","AKAM","2016","316","168","2340"
"77","AKAM","2017","218","222","2503"
"79","ALL","2013","2280",NA,NA
"80","ALL","2014","2850",NA,NA
"81","ALL","2015","2171",NA,NA
"82","ALL","2016","1877",NA,NA
"83","ALL","2017","3189",NA,NA
"85","ALXN","2013","253","317","1551"
"86","ALXN","2014","657","514","2234"
"87","ALXN","2015","144","709","2604"
"88","ALXN","2016","399","757","3084"
"89","ALXN","2017","443","878","3551"
"91","AMAT","2013","256","1320","7509"
"92","AMAT","2014","1072","1428","9072"
"93","AMAT","2015","1377","1451","9659"
"94","AMAT","2016","1721","1540","10825"
"95","AMAT","2017","3434","1774","14537"
"97","AME","2013","517",NA,"3594"
"98","AME","2014","584",NA,"4022"
"99","AME","2015","591",NA,"3974"
"100","AME","2016","512",NA,"3840"
"101","AME","2017","681",NA,"4300"
"103","AMG","2013","360",NA,"2189"
"104","AMG","2014","452",NA,"2511"
"105","AMG","2015","516",NA,"2484"
"106","AMG","2016","473",NA,"2195"
"107","AMG","2017","690",NA,"2305"
"109","AMZN","2013","274",NA,"74452"
"110","AMZN","2014","-241",NA,"88988"
"111","AMZN","2015","596",NA,"107006"
"112","AMZN","2016","2371",NA,"135987"
"113","AMZN","2017","3033",NA,"177866"
"115","ANDV","2013","412",NA,"37601"
"116","ANDV","2014","843",NA,"40633"
"117","ANDV","2015","1540",NA,"28711"
"118","ANDV","2016","734",NA,"24582"
"119","ANDV","2017","1528",NA,"34975"
"121","APA","2013","2232",NA,"16402"
"122","APA","2014","-5403",NA,"13749"
"123","APA","2015","-23119",NA,"6383"
"124","APA","2016","-1405",NA,"5367"
"125","APA","2017","1304",NA,"5887"
"127","APC","2013","801",NA,"14867"
"128","APC","2014","-1750",NA,"16375"
"129","APC","2015","-6692",NA,"9486"
"130","APC","2016","-3071",NA,"8447"
"131","APC","2017","-456",NA,"11234"
"133","APH","2013","636",NA,"4615"
"134","APH","2014","709",NA,"5346"
"135","APH","2015","764",NA,"5569"
"136","APH","2016","823",NA,"6286"
"137","APH","2017","650",NA,"7011"
"139","ATVI","2013","1010","584","4583"
"140","ATVI","2014","835","571","4408"
"141","ATVI","2015","892","646","4664"
"142","ATVI","2016","966","958","6608"
"143","ATVI","2017","273","1069","7017"
"145","AVB","2013","353",NA,"1463"
"146","AVB","2014","684",NA,"1685"
"147","AVB","2015","742",NA,"1856"
"148","AVB","2016","1034",NA,"2045"
"149","AVB","2017","877",NA,"2159"
"151","AWK","2013","369",NA,"2902"
"152","AWK","2014","423",NA,"3011"
"153","AWK","2015","476",NA,"3159"
"154","AWK","2016","468",NA,"3302"
"155","AWK","2017","426",NA,"3357"
"157","AXP","2013","5359",NA,"32974"
"158","AXP","2014","5885",NA,"33548"
"159","AXP","2015","5163",NA,"32818"
"160","AXP","2016","5408",NA,"33337"
"161","AXP","2017","2736",NA,"33471"
"163","AZO","2013","1016",NA,"9148"
"164","AZO","2014","1070",NA,"9475"
"165","AZO","2015","1160",NA,"10187"
"166","AZO","2016","1241",NA,"10636"
"167","AZO","2017","1281",NA,"10889"
"169","BA","2013","4585","3071","86623"
"170","BA","2014","5446","3047","90762"
"171","BA","2015","5176","3331","96114"
"172","BA","2016","4895","4627","94571"
"173","BA","2017","8197","3179","93392"
"175","BAC","2013","11431",NA,""
"176","BAC","2014","4833",NA,""
"177","BAC","2015","15888",NA,""
"178","BAC","2016","17906",NA,""
"179","BAC","2017","18232",NA,""
"181","BBT","2013","1679",NA,""
"182","BBT","2014","2151",NA,""
"183","BBT","2015","2084",NA,""
"184","BBT","2016","2426",NA,""
"185","BBT","2017","2394",NA,""
"187","BCR","2013","530","203","2958"
"188","BCR","2014","690","296","3050"
"189","BCR","2015","294","302","3324"
"190","BCR","2016","135","259","3416"
"191","BCR","2017","531","293","3714"
"193","BDX","2013","1293","494","8054"
"194","BDX","2014","1185","550","8446"
"195","BDX","2015","695","632","10282"
"196","BDX","2016","976","828","12483"
"197","BDX","2017","1100","774","12093"
"199","BEN","2013","2150",NA,"7985"
"200","BEN","2014","2384",NA,"8491"
"201","BEN","2015","2035",NA,"7949"
"202","BEN","2016","1727",NA,"6618"
"203","BEN","2017","1697",NA,"6392"
"205","BF.A","2013","591",NA,"2849"
"206","BF.A","2014","659",NA,"2991"
"207","BF.A","2015","684",NA,"3134"
"208","BF.A","2016","1067",NA,"3089"
"209","BF.A","2017","669",NA,"2994"
"211","BG","2013","306",NA,"61347"
"212","BG","2014","515",NA,"57161"
"213","BG","2015","791",NA,"43455"
"214","BG","2016","745",NA,"42679"
"215","BG","2017","160",NA,"45794"
"217","BHI","2013","1096","556","22364"
"218","BHI","2014","1719","613","24551"
"219","BHI","2015","-1967","483","15742"
"220","BHI","2016","-2738","384","9841"
"221","BHI","2017","-350","","17259"
"223","BIIB","2013","1862","1444","5806"
"224","BIIB","2014","2935","1893","8508"
"225","BIIB","2015","3547","2013","9425"
"226","BIIB","2016","3703","1973","10134"
"227","BIIB","2017","2539","2374","12274"
"229","BLL","2013","407",NA,"8468"
"230","BLL","2014","470",NA,"8570"
"231","BLL","2015","281",NA,"7997"
"232","BLL","2016","263",NA,"9061"
"233","BLL","2017","374",NA,"10983"
"235","BMRN","2013","-176","355","548"
"236","BMRN","2014","-134","462","751"
"237","BMRN","2015","-172","635","890"
"238","BMRN","2016","-630","662","1117"
"239","BMRN","2017","-117","611","1314"
"241","BMY","2013","2563","3731","16385"
"242","BMY","2014","2004","4534","15879"
"243","BMY","2015","1565","5920","16560"
"244","BMY","2016","4457","4940","19427"
"245","BMY","2017","1007","6411","20776"
"247","BSX","2013","-121","861","7143"
"248","BSX","2014","-119","817","7380"
"249","BSX","2015","-239","876","7477"
"250","BSX","2016","347","920","8386"
"251","BSX","2017","104","997","9048"
"253","CA","2013","955","490","4643"
"254","CA","2014","914","587","4515"
"255","CA","2015","846","603","4262"
"256","CA","2016","783","560","4025"
"257","CA","2017","775","586","4036"
"259","CAG","2013","774",NA,"15491"
"260","CAG","2014","303",NA,"17703"
"261","CAG","2015","-253",NA,"15832"
"262","CAG","2016","-677",NA,"11643"
"263","CAG","2017","639",NA,"7827"
"265","CAH","2013","334",NA,"101093"
"266","CAH","2014","1166",NA,"91084"
"267","CAH","2015","1215",NA,"102531"
"268","CAH","2016","1427",NA,"121546"
"269","CAH","2017","1288",NA,"129976"
"271","CAM","2013","522",NA,"6959"
"272","CAM","2014","750",NA,"8502"
"273","CAM","2015","699",NA,"9838"
"274","CAM","2016","811",NA,"10381"
"275","CAM","2017","501",NA,"8782"
"277","CAT","2013","3789","2046","55656"
"278","CAT","2014","3695","2135","55184"
"279","CAT","2015","2102","2165","47011"
"280","CAT","2016","-67","1951","38537"
"281","CAT","2017","754","1905","45462"
"283","CBG","2013","512",NA,"6863"
"284","CBG","2014","913",NA,"7448"
"285","CBG","2015","1256",NA,"7753"
"286","CBG","2016","1490",NA,"9965"
"287","CBG","2017","1246",NA,"12904"
"289","CBS","2013","1879",NA,"15284"
"290","CBS","2014","2959",NA,"13806"
"291","CBS","2015","1413",NA,"13886"
"292","CBS","2016","1261",NA,"13166"
"293","CBS","2017","357",NA,"13692"
"295","CCI","2013","90",NA,"3022"
"296","CCI","2014","391",NA,"3690"
"297","CCI","2015","1521",NA,"3664"
"298","CCI","2016","357",NA,"3921"
"299","CCI","2017","445",NA,"4356"
"301","CE","2013","1101","85","6510"
"302","CE","2014","624","86","6802"
"303","CE","2015","304","119","5674"
"304","CE","2016","900","78","5389"
"305","CE","2017","843","72","6140"
"307","CELG","2013","1450","2226","6494"
"308","CELG","2014","2000","2431","7670"
"309","CELG","2015","1602","3697","9256"
"310","CELG","2016","1999","4470","11229"
"311","CELG","2017","2940","5915","13003"
"313","CERN","2013","398","339","2911"
"314","CERN","2014","525","393","3403"
"315","CERN","2015","539","540","4425"
"316","CERN","2016","636","551","4796"
"317","CERN","2017","867","605","5142"
"319","CF","2013","1465",NA,"5475"
"320","CF","2014","1390",NA,"4743"
"321","CF","2015","700",NA,"4308"
"322","CF","2016","-277",NA,"3685"
"323","CF","2017","358",NA,"4130"
"325","CHD","2013","394",NA,"3194"
"326","CHD","2014","414",NA,"3298"
"327","CHD","2015","410",NA,"3395"
"328","CHD","2016","459",NA,"3493"
"329","CHD","2017","743",NA,"3776"
"331","CHRW","2013","416",NA,"12752"
"332","CHRW","2014","450",NA,"13470"
"333","CHRW","2015","510",NA,"13476"
"334","CHRW","2016","513",NA,"13144"
"335","CHRW","2017","505",NA,"14869"
"337","CL","2013","2241",NA,"17420"
"338","CL","2014","2180",NA,"17277"
"339","CL","2015","1384",NA,"16034"
"340","CL","2016","2441",NA,"15195"
"341","CL","2017","2024",NA,"15454"
"343","CLR","2013","764",NA,"3455"
"344","CLR","2014","977",NA,"4802"
"345","CLR","2015","-354",NA,"2680"
"346","CLR","2016","-400",NA,"1980"
"347","CLR","2017","789",NA,"3121"
"349","CLX","2013","572","130","5623"
"350","CLX","2014","558","125","5591"
"351","CLX","2015","580","136","5655"
"352","CLX","2016","648","141","5761"
"353","CLX","2017","701","135","5973"
"355","CMCSA","2013","6816",NA,"64657"
"356","CMCSA","2014","8380",NA,"68775"
"357","CMCSA","2015","8163",NA,"74510"
"358","CMCSA","2016","8695",NA,"80403"
"359","CMCSA","2017","22714",NA,"84526"
"361","CNP","2013","311",NA,"8106"
"362","CNP","2014","611",NA,"9226"
"363","CNP","2015","-692",NA,"7386"
"364","CNP","2016","432",NA,"7528"
"365","CNP","2017","1792",NA,"9614"
"367","CNX","2013","660",NA,"3121"
"368","CNX","2014","163",NA,"3536"
"369","CNX","2015","-375",NA,"2514"
"370","CNX","2016","-848",NA,"2003"
"371","CNX","2017","381",NA,"1179"
"373","COH","2013","",NA,NA
"374","COH","2014","",NA,NA
"375","COH","2015","",NA,NA
"376","COH","2016","",NA,NA
"377","COH","2017","",NA,NA
"379","COL","2013","632",NA,"4610"
"380","COL","2014","604",NA,"4979"
"381","COL","2015","686",NA,"5244"
"382","COL","2016","728",NA,"5259"
"383","COL","2017","705",NA,"6822"
"385","COP","2013","9156",NA,"56029"
"386","COP","2014","6869",NA,"52988"
"387","COP","2015","-4428",NA,"30280"
"388","COP","2016","-3615",NA,"24308"
"389","COP","2017","-855",NA,"29106"
"391","COST","2013","2039",NA,"105156"
"392","COST","2014","2058",NA,"112640"
"393","COST","2015","2377",NA,"116199"
"394","COST","2016","2350",NA,"118719"
"395","COST","2017","2679",NA,"129025"
"397","CPB","2013","458","128","8052"
"398","CPB","2014","818","121","8268"
"399","CPB","2015","691","113","8082"
"400","CPB","2016","563","124","7961"
"401","CPB","2017","887","98","7890"
"403","CRM","2013","-232","624","4071"
"404","CRM","2014","-263","793","5374"
"405","CRM","2015","-47","946","6667"
"406","CRM","2016","180","1208","8392"
"407","CRM","2017","127","1553","10480"
"409","CSCO","2013","9983","5942","48607"
"410","CSCO","2014","7853","6294","47142"
"411","CSCO","2015","8981","6207","49161"
"412","CSCO","2016","10739","6296","49247"
"413","CSCO","2017","9609","6059","48005"
"415","CTSH","2013","1229",NA,"8843"
"416","CTSH","2014","1439",NA,"10263"
"417","CTSH","2015","1624",NA,"12416"
"418","CTSH","2016","1553",NA,"13487"
"419","CTSH","2017","1504",NA,"14810"
"421","CTXS","2013","340","516","2918"
"422","CTXS","2014","252","554","3143"
"423","CTXS","2015","319","564","3276"
"424","CTXS","2016","536","489","3418"
"425","CTXS","2017","-21","416","2825"
"427","CVS","2013","4592",NA,NA
"428","CVS","2014","4644",NA,NA
"429","CVS","2015","5237",NA,NA
"430","CVS","2016","5317",NA,NA
"431","CVS","2017","6622",NA,NA
"433","CVX","2013","21423",NA,"220156"
"434","CVX","2014","19241",NA,"200494"
"435","CVX","2015","4587",NA,"129925"
"436","CVX","2016","-497",NA,"110215"
"437","CVX","2017","9195",NA,"134674"
"439","D","2013","1697",NA,"13120"
"440","D","2014","1310",NA,"12436"
"441","D","2015","1899",NA,"11683"
"442","D","2016","2123",NA,"11737"
"443","D","2017","2999",NA,"12586"
"445","DD","2013","2788","2067","34812"
"446","DD","2014","4848","2153","35734"
"447","DD","2015","3625","2067","34723"
"448","DD","2016","1953","1898","25130"
"449","DD","2017","2513","1641","24594"
"451","DE","2013","3537","1477","35254"
"452","DE","2014","3162","1452","33785"
"453","DE","2015","1940","1425","26482"
"454","DE","2016","1524","1389","24133"
"455","DE","2017","2159","1368","27006"
"457","DFS","2013","2470",NA,"8224"
"458","DFS","2014","2323",NA,"8477"
"459","DFS","2015","2297",NA,"8739"
"460","DFS","2016","2393",NA,"9099"
"461","DFS","2017","2099",NA,"9897"
"463","DG","2013","1025",NA,"17504"
"464","DG","2014","1065",NA,"18910"
"465","DG","2015","1165",NA,"20369"
"466","DG","2016","1251",NA,"21987"
"467","DG","2017","1539",NA,"23471"
"469","DGX","2013","849",NA,"7146"
"470","DGX","2014","556",NA,"7435"
"471","DGX","2015","709",NA,"7493"
"472","DGX","2016","645",NA,"7515"
"473","DGX","2017","772",NA,"7709"
"475","DHR","2013","2695","1250","19118"
"476","DHR","2014","2598","1314","19914"
"477","DHR","2015","3357","1239","20563"
"478","DHR","2016","2554","975","16882"
"479","DHR","2017","2492","1129","18330"
"481","DIS","2013","6136",NA,"45041"
"482","DIS","2014","7501",NA,"48813"
"483","DIS","2015","8382",NA,"52465"
"484","DIS","2016","9391",NA,"55632"
"485","DIS","2017","8980",NA,"55137"
"487","DISCA","2013","1075",NA,"5535"
"488","DISCA","2014","1139",NA,"6265"
"489","DISCA","2015","1034",NA,"6394"
"490","DISCA","2016","1194",NA,"6497"
"491","DISCA","2017","-337",NA,"6873"
"493","DOV","2013","1003",NA,"8730"
"494","DOV","2014","775",NA,"7753"
"495","DOV","2015","870",NA,"6956"
"496","DOV","2016","509",NA,"6794"
"497","DOV","2017","812",NA,"7830"
"499","DPS","2013","624",NA,"5997"
"500","DPS","2014","703",NA,"6121"
"501","DPS","2015","764",NA,"6282"
"502","DPS","2016","847",NA,"6440"
"503","DPS","2017","1076",NA,"6690"
"505","DTE","2013","661",NA,"9661"
"506","DTE","2014","905",NA,"12301"
"507","DTE","2015","727",NA,"10337"
"508","DTE","2016","868",NA,"10630"
"509","DTE","2017","1134",NA,"12607"
"511","DUK","2013","2665",NA,"24598"
"512","DUK","2014","1883",NA,"23925"
"513","DUK","2015","2816",NA,"23459"
"514","DUK","2016","2152",NA,"22743"
"515","DUK","2017","3059",NA,"23565"
"517","DVA","2013","633",NA,"11764"
"518","DVA","2014","723",NA,"12795"
"519","DVA","2015","270",NA,"13782"
"520","DVA","2016","880",NA,"14745"
"521","DVA","2017","664",NA,"10877"
"523","DVN","2013","-20",NA,"10397"
"524","DVN","2014","1607",NA,"19566"
"525","DVN","2015","-14454",NA,"13145"
"526","DVN","2016","-3302",NA,"10304"
"527","DVN","2017","898",NA,"13949"
"529","EBAY","2013","2856",NA,"16047"
"530","EBAY","2014","46",NA,"17902"
"531","EBAY","2015","1725",NA,"8592"
"532","EBAY","2016","7266",NA,"8979"
"533","EBAY","2017","-1016",NA,"9567"
"535","ECL","2013","968",NA,"13253"
"536","ECL","2014","1203",NA,"14280"
"537","ECL","2015","1002",NA,"13545"
"538","ECL","2016","1230",NA,"13153"
"539","ECL","2017","1508",NA,"13838"
"541","EMN","2013","1165","193","9350"
"542","EMN","2014","751","227","9527"
"543","EMN","2015","848","251","9648"
"544","EMN","2016","854","219","9008"
"545","EMN","2017","1384","215","9549"
"547","EMR","2013","2004",NA,"24669"
"548","EMR","2014","2147",NA,"24537"
"549","EMR","2015","2710",NA,"22304"
"550","EMR","2016","1635",NA,"14522"
"551","EMR","2017","1518",NA,"15264"
"553","EOG","2013","2197",NA,"14399"
"554","EOG","2014","2915",NA,"16639"
"555","EOG","2015","-4525",NA,"8656"
"556","EOG","2016","-1097",NA,"7463"
"557","EOG","2017","2583",NA,"11206"
"559","EPD","2013","2597",NA,"47727"
"560","EPD","2014","2787",NA,"47951"
"561","EPD","2015","2521",NA,"27028"
"562","EPD","2016","2513",NA,"23022"
"563","EPD","2017","2799",NA,"29242"
"565","EQIX","2013","95",NA,"2153"
"566","EQIX","2014","-260",NA,"2444"
"567","EQIX","2015","188",NA,"2726"
"568","EQIX","2016","127",NA,"3612"
"569","EQIX","2017","233",NA,"4368"
"571","EQR","2013","1831",NA,"2388"
"572","EQR","2014","631",NA,"2615"
"573","EQR","2015","870",NA,"2745"
"574","EQR","2016","4292",NA,"2426"
"575","EQR","2017","603",NA,"2471"
"577","EQT","2013","391",NA,"1862"
"578","EQT","2014","387",NA,"2470"
"579","EQT","2015","85",NA,"1954"
"580","EQT","2016","-453",NA,"1857"
"581","EQT","2017","1509",NA,"2988"
"583","ETP","2013","456",NA,"46339"
"584","ETP","2014","1336",NA,"51158"
"585","ETP","2015","1398",NA,"34292"
"586","ETP","2016","297",NA,"21827"
"587","ETP","2017","2081",NA,"29054"
"589","EXPE","2013","233","578","4771"
"590","EXPE","2014","398","686","5763"
"591","EXPE","2015","764","830","6672"
"592","EXPE","2016","282","1235","8774"
"593","EXPE","2017","378","1387","10060"
"595","EXR","2013","172",NA,"521"
"596","EXR","2014","178",NA,"647"
"597","EXR","2015","189",NA,"782"
"598","EXR","2016","366",NA,"992"
"599","EXR","2017","479",NA,"1105"
"601","F","2013","7155",NA,"146917"
"602","F","2014","3187",NA,"144077"
"603","F","2015","7373",NA,"149558"
"604","F","2016","4596",NA,"151800"
"605","F","2017","7602",NA,"156776"
"607","FAST","2013","449",NA,"3326"
"608","FAST","2014","494",NA,"3734"
"609","FAST","2015","516",NA,"3869"
"610","FAST","2016","499",NA,"3962"
"611","FAST","2017","579",NA,"4390"
"613","FB","2013","1500","1415","7872"
"614","FB","2014","2940","2666","12466"
"615","FB","2015","3688","4816","17928"
"616","FB","2016","10217","5919","27638"
"617","FB","2017","15934","7754","40653"
"619","FDX","2013","1561",NA,"44287"
"620","FDX","2014","2097",NA,"45567"
"621","FDX","2015","1050",NA,"47453"
"622","FDX","2016","1820",NA,"50365"
"623","FDX","2017","2997",NA,"60319"
"625","FE","2013","392",NA,"14917"
"626","FE","2014","299",NA,"15049"
"627","FE","2015","578",NA,"15026"
"628","FE","2016","-6177",NA,"14562"
"629","FE","2017","-1724",NA,"14017"
"631","FITB","2013","1836",NA,""
"632","FITB","2014","1481",NA,""
"633","FITB","2015","1712",NA,""
"634","FITB","2016","1564",NA,""
"635","FITB","2017","2194",NA,""
"637","FLT","2013","285",NA,"895"
"638","FLT","2014","369",NA,"1199"
"639","FLT","2015","362",NA,"1703"
"640","FLT","2016","452",NA,"1832"
"641","FLT","2017","740",NA,"2250"
"643","FNMA","2013","83963",NA,"30420"
"644","FNMA","2014","14208",NA,"21958"
"645","FNMA","2015","10954",NA,"22326"
"646","FNMA","2016","12313",NA,"22436"
"647","FNMA","2017","2463",NA,"23271"
"649","GILD","2013","3075","2120","11202"
"650","GILD","2014","12101","2854","24890"
"651","GILD","2015","18108","3014","32639"
"652","GILD","2016","13501","5098","30390"
"653","GILD","2017","4628","3734","26107"
"655","GIS","2013","1855",NA,"17774"
"656","GIS","2014","1824",NA,"17910"
"657","GIS","2015","1221",NA,"17630"
"658","GIS","2016","1697",NA,"16563"
"659","GIS","2017","1658",NA,"15620"
"661","GLW","2013","1961","710","7819"
"662","GLW","2014","2472","815","9715"
"663","GLW","2015","1339","769","9111"
"664","GLW","2016","3695","742","9390"
"665","GLW","2017","-497","860","10116"
"667","GM","2013","5346",NA,"155427"
"668","GM","2014","3949",NA,"155929"
"669","GM","2015","9687",NA,"152356"
"670","GM","2016","9427",NA,"166380"
"671","GM","2017","-3864",NA,"145588"
"673","GPC","2013","685",NA,"14078"
"674","GPC","2014","711",NA,"15342"
"675","GPC","2015","706",NA,"15280"
"676","GPC","2016","687",NA,"15340"
"677","GPC","2017","617",NA,"16309"
"679","GPS","2013","1280",NA,"16148"
"680","GPS","2014","1262",NA,"16435"
"681","GPS","2015","920",NA,"15797"
"682","GPS","2016","676",NA,"15516"
"683","GPS","2017","848",NA,"15855"
"685","HES","2013","5052",NA,"22284"
"686","HES","2014","2317",NA,"10737"
"687","HES","2015","-3056",NA,"6636"
"688","HES","2016","-6132",NA,"4762"
"689","HES","2017","-4074",NA,"5466"
"691","HIG","2013","176",NA,NA
"692","HIG","2014","798",NA,NA
"693","HIG","2015","1682",NA,NA
"694","HIG","2016","896",NA,NA
"695","HIG","2017","-3131",NA,NA
"697","HOG","2013","734",NA,"5900"
"698","HOG","2014","845",NA,"6229"
"699","HOG","2015","752",NA,"5995"
"700","HOG","2016","692",NA,"5996"
"701","HOG","2017","522",NA,"5647"
"703","HON","2013","3924",NA,"39055"
"704","HON","2014","4239",NA,"40306"
"705","HON","2015","4768",NA,"38581"
"706","HON","2016","4809",NA,"39302"
"707","HON","2017","1655",NA,"40534"
"709","HOT","2013","489",NA,"5624"
"710","HOT","2014","562",NA,"6321"
"711","HOT","2015","635",NA,"6115"
"712","HOT","2016","633",NA,"5983"
"713","HOT","2017","489",NA,"5763"
"715","HRL","2013","526",NA,"8752"
"716","HRL","2014","603",NA,"9316"
"717","HRL","2015","686",NA,"9264"
"718","HRL","2016","890",NA,"9523"
"719","HRL","2017","847",NA,"9168"
"721","HUM","2013","1231",NA,NA
"722","HUM","2014","1147",NA,NA
"723","HUM","2015","1276",NA,NA
"724","HUM","2016","614",NA,NA
"725","HUM","2017","2448",NA,NA
"727","IBM","2013","16483","6226","99751"
"728","IBM","2014","12022","5437","92793"
"729","IBM","2015","13190","5247","81742"
"730","IBM","2016","11872","5751","79920"
"731","IBM","2017","5753","5787","79139"
"733","ICE","2013","254",NA,"1795"
"734","ICE","2014","981",NA,"4221"
"735","ICE","2015","1274",NA,"4682"
"736","ICE","2016","1422",NA,"5958"
"737","ICE","2017","2514",NA,"5834"
"739","IEP","2013","1025",NA,"18794"
"740","IEP","2014","-373",NA,"19504"
"741","IEP","2015","-1194",NA,"16065"
"742","IEP","2016","-1128",NA,"17590"
"743","IEP","2017","2430",NA,"21304"
"745","ILMN","2013","125","277","1421"
"746","ILMN","2014","353","388","1861"
"747","ILMN","2015","462","402","2220"
"748","ILMN","2016","463","504","2398"
"749","ILMN","2017","726","546","2752"
"751","INCY","2013","-83","260","355"
"752","INCY","2014","-48","348","511"
"753","INCY","2015","7","480","754"
"754","INCY","2016","104","582","1106"
"755","INCY","2017","-313","1326","1536"
"757","L","2013","595",NA,NA
"758","L","2014","591",NA,NA
"759","L","2015","260",NA,NA
"760","L","2016","654",NA,NA
"761","L","2017","1164",NA,NA
"763","LB","2013","903",NA,"10773"
"764","LB","2014","1042",NA,"11454"
"765","LB","2015","1253",NA,"12154"
"766","LB","2016","1158",NA,"12574"
"767","LB","2017","983",NA,"12632"
"769","LH","2013","574",NA,"5808"
"770","LH","2014","511",NA,"6012"
"771","LH","2015","437",NA,"8680"
"772","LH","2016","732",NA,"9642"
"773","LH","2017","1268",NA,"10441"
"775","LLL","2013","778",NA,"12629"
"776","LLL","2014","664",NA,"12124"
"777","LLL","2015","-240",NA,"10466"
"778","LLL","2016","710",NA,"10511"
"779","LLL","2017","677",NA,"9573"
"781","LLTC","2013","398","224","1267"
"782","LLTC","2014","407","235","1282"
"783","LLTC","2015","460","250","1388"
"784","LLTC","2016","521","267","1475"
"785","LLTC","2017","494","276","1424"
"787","LLY","2013","4685","5588","23113"
"788","LLY","2014","2390","4934","19616"
"789","LLY","2015","2408","5331","19959"
"790","LLY","2016","2738","5274","21222"
"791","LLY","2017","-204","6394","22871"
"793","LMT","2013","2981",NA,"45358"
"794","LMT","2014","3614",NA,"45600"
"795","LMT","2015","3605",NA,"46132"
"796","LMT","2016","5302",NA,"47248"
"797","LMT","2017","2002",NA,"51048"
"799","LOW","2013","2286",NA,"53417"
"800","LOW","2014","2698",NA,"56223"
"801","LOW","2015","2546",NA,"59074"
"802","LOW","2016","3093",NA,"65017"
"803","LOW","2017","3447",NA,"68619"
"805","LRCX","2013","114","684","3599"
"806","LRCX","2014","632","716","4607"
"807","LRCX","2015","656","825","5259"
"808","LRCX","2016","914","914","5886"
"809","LRCX","2017","1698","1034","8014"
"811","LYB","2013","3857","150","44062"
"812","LYB","2014","4174","127","45608"
"813","LYB","2015","4476","102","32735"
"814","LYB","2016","3836","99","29183"
"815","LYB","2017","4879","106","34484"
"817","M","2013","1486",NA,"27931"
"818","M","2014","1526",NA,"28105"
"819","M","2015","1072",NA,"27079"
"820","M","2016","619",NA,"25778"
"821","M","2017","1547",NA,"24837"
"823","MA","2013","3116",NA,"8346"
"824","MA","2014","3617",NA,"9473"
"825","MA","2015","3808",NA,"9667"
"826","MA","2016","4059",NA,"10776"
"827","MA","2017","3915",NA,"12497"
"829","MAC","2013","420",NA,"1029"
"830","MAC","2014","1499",NA,"1105"
"831","MAC","2015","488",NA,"1288"
"832","MAC","2016","517",NA,"1041"
"833","MAC","2017","146",NA,"994"
"835","MAR","2013","626",NA,"12784"
"836","MAR","2014","753",NA,"13796"
"837","MAR","2015","859",NA,"14486"
"838","MAR","2016","780",NA,"17072"
"839","MAR","2017","1372",NA,"22894"
"841","MAS","2013","272",NA,"8173"
"842","MAS","2014","856",NA,"8521"
"843","MAS","2015","355",NA,"7142"
"844","MAS","2016","491",NA,"7357"
"845","MAS","2017","533",NA,"7644"
"847","MET","2013","3368",NA,NA
"848","MET","2014","6309",NA,NA
"849","MET","2015","5310",NA,NA
"850","MET","2016","800",NA,NA
"851","MET","2017","4010",NA,NA
"853","MGLN","2013","125",NA,NA
"854","MGLN","2014","79",NA,NA
"855","MGLN","2015","31",NA,NA
"856","MGLN","2016","78",NA,NA
"857","MGLN","2017","110",NA,NA
"859","MGM","2013","-157",NA,"9810"
"860","MGM","2014","-150",NA,"10082"
"861","MGM","2015","-448",NA,"9190"
"862","MGM","2016","1101",NA,"9455"
"863","MGM","2017","1960",NA,"10774"
"865","MMM","2013","4659","1715","30871"
"866","MMM","2014","4956","1770","31821"
"867","MMM","2015","4833","1763","30274"
"868","MMM","2016","5050","1735","30109"
"869","MMM","2017","4858","1850","31657"
"871","MNST","2013","339",NA,"2246"
"872","MNST","2014","483",NA,"2465"
"873","MNST","2015","547",NA,"2723"
"874","MNST","2016","713",NA,"3049"
"875","MNST","2017","821",NA,"3369"
"877","MO","2013","4535",NA,"17663"
"878","MO","2014","5070",NA,"17945"
"879","MO","2015","5241",NA,"18854"
"880","MO","2016","14239",NA,"19337"
"881","MO","2017","10222",NA,"19494"
"883","MON","2013","2482","1533","14861"
"884","MON","2014","2740","1725","15855"
"885","MON","2015","2314","1580","15001"
"886","MON","2016","1336","1512","13502"
"887","MON","2017","2260","1607","14640"
"889","MOS","2013","1889",NA,"9974"
"890","MOS","2014","1029",NA,"9056"
"891","MOS","2015","1000",NA,"8895"
"892","MOS","2016","298",NA,"7163"
"893","MOS","2017","-107",NA,"7409"
"895","MS","2013","2932",NA,NA
"896","MS","2014","3467",NA,NA
"897","MS","2015","6127",NA,NA
"898","MS","2016","5979",NA,NA
"899","MS","2017","6111",NA,NA
"901","MSFT","2013","21863","10411","77849"
"902","MSFT","2014","22074","11381","86833"
"903","MSFT","2015","12193","12046","93580"
"904","MSFT","2016","16798","11988","85320"
"905","MSFT","2017","21204","13037","89950"
"907","MSI","2013","1099","1055","8696"
"908","MSI","2014","1299","681","5881"
"909","MSI","2015","610","620","5695"
"910","MSI","2016","560","553","6038"
"911","MSI","2017","-155","568","6380"
"913","MTB","2013","1138",NA,""
"914","MTB","2014","1066",NA,""
"915","MTB","2015","1080",NA,""
"916","MTB","2016","1315",NA,""
"917","MTB","2017","1408",NA,""
"919","MU","2013","1190","931","9073"
"920","MU","2014","3045","1371","16358"
"921","MU","2015","2899","1540","16192"
"922","MU","2016","-276","1617","12399"
"923","MU","2017","5089","1824","20322"
"925","NEM","2013","-2462","222","8322"
"926","NEM","2014","508","161","7292"
"927","NEM","2015","220","133","7729"
"928","NEM","2016","-627","134","6711"
"929","NEM","2017","-98","143","7348"
"931","NLY","2013","3730",NA,"3994"
"932","NLY","2014","-842",NA,"-628"
"933","NLY","2015","467",NA,"687"
"934","NLY","2016","1434",NA,"1682"
"935","NLY","2017","1570",NA,"1800"
"937","NOC","2013","1952",NA,"24661"
"938","NOC","2014","2069",NA,"23979"
"939","NOC","2015","1990",NA,"23526"
"940","NOC","2016","2200",NA,"24508"
"941","NOC","2017","2015",NA,"25803"
"943","NOV","2013","2327",NA,"22869"
"944","NOV","2014","2502",NA,"21440"
"945","NOV","2015","-769",NA,"14757"
"946","NOV","2016","-2412",NA,"7251"
"947","NOV","2017","-237",NA,"7304"
"949","NOW","2013","-74","79","425"
"950","NOW","2014","-179","148","683"
"951","NOW","2015","-198","217","1005"
"952","NOW","2016","-452","285","1391"
"953","NOW","2017","-149","378","1933"
"955","NSC","2013","1910",NA,"11245"
"956","NSC","2014","2000",NA,"11624"
"957","NSC","2015","1556",NA,"10511"
"958","NSC","2016","1668",NA,"9888"
"959","NSC","2017","5404",NA,"10551"
"961","NTRS","2013","728",NA,"3923"
"962","NTRS","2014","812",NA,"4331"
"963","NTRS","2015","974",NA,"4703"
"964","NTRS","2016","1032",NA,"4962"
"965","NTRS","2017","1199",NA,"5375"
"967","NUE","2013","488",NA,"19052"
"968","NUE","2014","714",NA,"21105"
"969","NUE","2015","358",NA,"16439"
"970","NUE","2016","796",NA,"16208"
"971","NUE","2017","1319",NA,"20252"
"973","PCLN","2013","1893","72","6793"
"974","PCLN","2014","2422","97","8442"
"975","PCLN","2015","2551","114","9224"
"976","PCLN","2016","2135","142","10743"
"977","PCLN","2017","2341","189","12681"
"979","PH","2013","948",NA,"13016"
"980","PH","2014","1041",NA,"13216"
"981","PH","2015","1012",NA,"12712"
"982","PH","2016","807",NA,"11361"
"983","PH","2017","983",NA,"12029"
"985","PLD","2013","343",NA,"1571"
"986","PLD","2014","636",NA,"1541"
"987","PLD","2015","869",NA,"1987"
"988","PLD","2016","1210",NA,"2533"
"989","PLD","2017","1652",NA,"2618"
"991","PM","2013","8576",NA,"31217"
"992","PM","2014","7493",NA,"29767"
"993","PM","2015","6873",NA,"26794"
"994","PM","2016","6967",NA,"26685"
"995","PM","2017","6035",NA,"28748"
"997","PNC","2013","4220",NA,""
"998","PNC","2014","4184",NA,""
"999","PNC","2015","4106",NA,""
"1000","PNC","2016","3903",NA,""
"1001","PNC","2017","5338",NA,""
"1003","PPG","2013","3231","488","15108"
"1004","PPG","2014","2102","492","15360"
"1005","PPG","2015","1406","486","15330"
"1006","PPG","2016","877","466","14751"
"1007","PPG","2017","1591","453","14750"
"1009","PPL","2013","1130",NA,"11860"
"1010","PPL","2014","1737",NA,"11499"
"1011","PPL","2015","682",NA,"7669"
"1012","PPL","2016","1902",NA,"7517"
"1013","PPL","2017","1128",NA,"7447"
"1015","PSX","2013","3726",NA,"171736"
"1016","PSX","2014","4762",NA,"161627"
"1017","PSX","2015","4227",NA,"99376"
"1018","PSX","2016","1555",NA,"84363"
"1019","PSX","2017","5106",NA,"102354"
"1021","QCOM","2013","6853","4967","24866"
"1022","QCOM","2014","7967","5477","26487"
"1023","QCOM","2015","5271","5490","25281"
"1024","QCOM","2016","5705","5151","23554"
"1025","QCOM","2017","2466","5485","22291"
"1027","RAI","2013","1272",NA,"8304"
"1028","RAI","2014","1718",NA,"8236"
"1029","RAI","2015","1470",NA,"8471"
"1030","RAI","2016","3253",NA,"10675"
"1031","RAI","2017","6073",NA,"12503"
"1033","RCL","2013","474",NA,"7960"
"1034","RCL","2014","764",NA,"8074"
"1035","RCL","2015","666",NA,"8299"
"1036","RCL","2016","1283",NA,"8496"
"1037","RCL","2017","1625",NA,"8778"
"1039","REGN","2013","424","860","2105"
"1040","REGN","2014","348","1271","2820"
"1041","REGN","2015","636","1621","4104"
"1042","REGN","2016","896","2052","4860"
"1043","REGN","2017","1199","2075","5872"
"1045","RF","2013","1122",NA,""
"1046","RF","2014","1155",NA,""
"1047","RF","2015","1062",NA,""
"1048","RF","2016","1163",NA,""
"1049","RF","2017","1263",NA,""
"1051","RHT","2013","150","263","1329"
"1052","RHT","2014","178","317","1535"
"1053","RHT","2015","180","368","1789"
"1054","RHT","2016","199","413","2052"
"1055","RHT","2017","254","481","2412"
"1057","RL","2013","750",NA,"6945"
"1058","RL","2014","776",NA,"7450"
"1059","RL","2015","702",NA,"7620"
"1060","RL","2016","396",NA,"7405"
"1061","RL","2017","-99",NA,"6653"
"1063","ROK","2013","756",NA,"6352"
"1064","ROK","2014","827",NA,"6624"
"1065","ROK","2015","828",NA,"6308"
"1066","ROK","2016","730",NA,"5880"
"1067","ROK","2017","826",NA,"6311"
"1069","S","2013","-4326",NA,"35345"
"1070","S","2014","-1860",NA,"16891"
"1071","S","2015","-3345",NA,"34532"
"1072","S","2016","-1995",NA,"32180"
"1073","S","2017","-1206",NA,"33347"
"1075","SBAC","2013","-56",NA,"1305"
"1076","SBAC","2014","-24",NA,"1527"
"1077","SBAC","2015","-176",NA,"1638"
"1078","SBAC","2016","76",NA,"1633"
"1079","SBAC","2017","104",NA,"1728"
"1081","SBUX","2013","8",NA,"14892"
"1082","SBUX","2014","2068",NA,"16448"
"1083","SBUX","2015","2757",NA,"19163"
"1084","SBUX","2016","2818",NA,"21316"
"1085","SBUX","2017","2885",NA,"22387"
"1087","SCHW","2013","1071",NA,NA
"1088","SCHW","2014","1321",NA,NA
"1089","SCHW","2015","1447",NA,NA
"1090","SCHW","2016","1889",NA,NA
"1091","SCHW","2017","2354",NA,NA
"1093","SE","2013","","",""
"1094","SE","2014","-88","11","161"
"1095","SE","2015","-103","18","292"
"1096","SE","2016","-223","21","346"
"1097","SE","2017","-560","29","414"
"1099","SHW","2013","753",NA,"10186"
"1100","SHW","2014","866",NA,"11130"
"1101","SHW","2015","1054",NA,"11339"
"1102","SHW","2016","1133",NA,"11856"
"1103","SHW","2017","1772",NA,"14984"
"1105","SIRI","2013","377","58","3799"
"1106","SIRI","2014","493","63","4181"
"1107","SIRI","2015","510","64","4570"
"1108","SIRI","2016","746","82","5017"
"1109","SIRI","2017","648","112","5425"
"1111","SJM","2013","544",NA,"5898"
"1112","SJM","2014","565",NA,"5611"
"1113","SJM","2015","345",NA,"5693"
"1114","SJM","2016","689",NA,"7811"
"1115","SJM","2017","592",NA,"7392"
"1117","SLG","2013","135",NA,"1275"
"1118","SLG","2014","537",NA,"1341"
"1119","SLG","2015","284",NA,"1482"
"1120","SLG","2016","250",NA,"1864"
"1121","SLG","2017","101",NA,"1511"
"1123","SYMC","2013","765","1012","6906"
"1124","SYMC","2014","898","1038","6676"
"1125","SYMC","2015","878","1144","6508"
"1126","SYMC","2016","2488","748","3600"
"1127","SYMC","2017","-106","823","4019"
"1129","SYY","2013","992",NA,"44411"
"1130","SYY","2014","932",NA,"46517"
"1131","SYY","2015","687",NA,"48681"
"1132","SYY","2016","950",NA,"50367"
"1133","SYY","2017","1143",NA,"55371"
"1135","T","2013","18249",NA,"128752"
"1136","T","2014","6224",NA,"132447"
"1137","T","2015","13345",NA,"146801"
"1138","T","2016","12976",NA,"163786"
"1139","T","2017","29450",NA,"160546"
"1141","TAP","2013","567",NA,"4206"
"1142","TAP","2014","514",NA,"4146"
"1143","TAP","2015","360",NA,"3568"
"1144","TAP","2016","1976",NA,"4885"
"1145","TAP","2017","1414",NA,"11003"
"1147","TDG","2013","303",NA,"1924"
"1148","TDG","2014","307",NA,"2373"
"1149","TDG","2015","447",NA,"2707"
"1150","TDG","2016","586",NA,"3171"
"1151","TDG","2017","597",NA,"3504"
"1153","TGT","2013","1971",NA,"72596"
"1154","TGT","2014","-1636",NA,"72618"
"1155","TGT","2015","3363",NA,"73785"
"1156","TGT","2016","2737",NA,"69495"
"1157","TGT","2017","2934",NA,"71879"
"1159","TRI","2013","137",NA,NA
"1160","TRI","2014","1909",NA,NA
"1161","TRI","2015","1255",NA,NA
"1162","TRI","2016","3098",NA,NA
"1163","TRI","2017","1395",NA,NA
"1165","TRIP","2013","205","131","945"
"1166","TRIP","2014","226","171","1246"
"1167","TRIP","2015","198","207","1492"
"1168","TRIP","2016","120","243","1480"
"1169","TRIP","2017","-19","243","1556"
"1171","TRV","2013","3673",NA,NA
"1172","TRV","2014","3692",NA,NA
"1173","TRV","2015","3439",NA,NA
"1174","TRV","2016","3014",NA,NA
"1175","TRV","2017","2056",NA,NA
"1177","TSCO","2013","328",NA,"5165"
"1178","TSCO","2014","371",NA,"5712"
"1179","TSCO","2015","410",NA,"6227"
"1180","TSCO","2016","437",NA,"6780"
"1181","TSCO","2017","423",NA,"7256"
"1183","TSLA","2013","-74","232","2013"
"1184","TSLA","2014","-294","465","3198"
"1185","TSLA","2015","-889","718","4046"
"1186","TSLA","2016","-675","834","7000"
"1187","TSLA","2017","-1961","1378","11759"
"1189","TSN","2013","778",NA,"34374"
"1190","TSN","2014","864",NA,"37580"
"1191","TSN","2015","1220",NA,"41373"
"1192","TSN","2016","1768",NA,"36881"
"1193","TSN","2017","1774",NA,"38260"
"1195","TWC","2013","1665",NA,"19675"
"1196","TWC","2014","2155",NA,"21386"
"1197","TWC","2015","1954",NA,"22120"
"1198","TWC","2016","2031",NA,"22812"
"1199","TWC","2017","1844",NA,"23697"
"1201","TWX","2013","3691",NA,"29795"
"1202","TWX","2014","3827",NA,"27359"
"1203","TWX","2015","3833",NA,"28118"
"1204","TWX","2016","3926",NA,"29318"
"1205","TWX","2017","5247",NA,"31271"
"1207","UTX","2013","5721","2529","62626"
"1208","UTX","2014","6220","2635","65100"
"1209","UTX","2015","7608","2279","56098"
"1210","UTX","2016","5055","2337","57244"
"1211","UTX","2017","4552","2387","59837"
"1213","VFC","2013","1210",NA,"11420"
"1214","VFC","2014","1048",NA,"12282"
"1215","VFC","2015","1232",NA,"12377"
"1216","VFC","2016","1074",NA,"12019"
"1217","VFC","2017","615",NA,"11811"
"1219","VIA","2013","2395",NA,"13794"
"1220","VIA","2014","2391",NA,"13783"
"1221","VIA","2015","1922",NA,"13268"
"1222","VIA","2016","1438",NA,"12488"
"1223","VIA","2017","1874",NA,"13263"
"1225","VLO","2013","2720",NA,"138074"
"1226","VLO","2014","3630",NA,"130844"
"1227","VLO","2015","3990",NA,"87804"
"1228","VLO","2016","2289",NA,"75659"
"1229","VLO","2017","4065",NA,"93980"
"1231","VMW","2013","1014","1082","5207"
"1232","VMW","2014","886","1239","6035"
"1233","VMW","2015","997","1300","6571"
"1234","VMW","2016","1186","1503","7093"
"1235","VMW","2017","570","1755","7922"
"1237","VNO","2013","476",NA,"2359"
"1238","VNO","2014","865",NA,"2384"
"1239","VNO","2015","760",NA,"2515"
"1240","VNO","2016","907",NA,"2341"
"1241","VNO","2017","227",NA,"1814"
"1243","VRSK","2013","348",NA,"1596"
"1244","VRSK","2014","400",NA,"1747"
"1245","VRSK","2015","508",NA,"2068"
"1246","VRSK","2016","591",NA,"1995"
"1247","VRSK","2017","555",NA,"2145"
"1249","WBA","2013","2450",NA,"72217"
"1250","WBA","2014","1932",NA,"76392"
"1251","WBA","2015","4220",NA,"103444"
"1252","WBA","2016","4173",NA,"117351"
"1253","WBA","2017","4078",NA,"118214"
"1255","WDAY","2013","-173","182","469"
"1256","WDAY","2014","-248","317","788"
"1257","WDAY","2015","-290","470","1162"
"1258","WDAY","2016","-408","681","1569"
"1259","WDAY","2017","-321","911","2143"
"1261","WFM","2013","551",NA,"12917"
"1262","WFM","2014","579",NA,"14194"
"1263","WFM","2015","536",NA,"15389"
"1264","WFM","2016","507",NA,"15724"
"1265","WFM","2017","245",NA,"16030"
"1267","WHR","2013","827",NA,"18769"
"1268","WHR","2014","650",NA,"19872"
"1269","WHR","2015","783",NA,"20891"
"1270","WHR","2016","888",NA,"20718"
"1271","WHR","2017","350",NA,"21253"
"1273","WM","2013","98",NA,"13983"
"1274","WM","2014","1298",NA,"13996"
"1275","WM","2015","753",NA,"12961"
"1276","WM","2016","1182",NA,"13609"
"1277","WM","2017","1949",NA,"14485"
"1279","WMB","2013","430",NA,"6860"
"1280","WMB","2014","2114",NA,"7637"
"1281","WMB","2015","-571",NA,"7360"
"1282","WMB","2016","-424",NA,"7499"
"1283","WMB","2017","2174",NA,"8031"
"1285","WMT","2013","16022",NA,"476294"
"1286","WMT","2014","16363",NA,"485651"
"1287","WMT","2015","14694",NA,"482130"
"1288","WMT","2016","13643",NA,"485873"
"1289","WMT","2017","9862",NA,"500343"
"1291","WU","2013","798",NA,"5542"
"1292","WU","2014","852",NA,"5607"
"1293","WU","2015","838",NA,"5484"
"1294","WU","2016","253",NA,"5423"
"1295","WU","2017","-557",NA,"5524"
"1297","WY","2013","563","33","8529"
"1298","WY","2014","1826","27","7403"
"1299","WY","2015","506","24","7082"
"1300","WY","2016","1027","19","6365"
"1301","WY","2017","582","14","7196"
"1303","WYN","2013","432",NA,"5009"
"1304","WYN","2014","529",NA,"5281"
"1305","WYN","2015","612",NA,"5536"
"1306","WYN","2016","611",NA,"5599"
"1307","WYN","2017","871",NA,"5076"
"1309","YUM","2013","1091",NA,"13084"
"1310","YUM","2014","1051",NA,"13279"
"1311","YUM","2015","1293",NA,"13105"
"1312","YUM","2016","1619",NA,"6366"
"1313","YUM","2017","1340",NA,"5878"
